term,snippet,lead_paragraph,abstract,source,print_page,headline__main,headline__print_headline,pub_date,news_desk,section_name,document_type,web_url,type_of_material,word_count,_id
Afghanistan Asylum,Rights groups warn that the charges set a worrying precedent and are part of a strategy by Greek authorities to deter migrants from attempting to travel to the country.,ATHENS — Greek authorities have charged an Afghan man in the death of his 6-year-old son as the pair tried to reach the country by sea  a move that rights groups say sets a worrying precedent in criminalizing migrants and is part of a strategy to dissuade them from attempting to travel to the country.,Rights groups warn that the charges set a worrying precedent and are part of a strategy by Greek authorities to deter migrants from attempting to travel to the country.,The New York Times,10,Asylum Seeker Who Lost His Son on Trek to Greece Is Charged in His Death,Asylum Seeker Faces Charges in Son’s Death at Sea,2020-11-18T17:53:49+0000,Foreign,World,article,https://www.nytimes.com/2020/11/18/world/europe/asylum-seeker-son-greece.html,News,,nyt://article/030172f5-c1c5-5a15-b08a-dd69ead818ff
Afghanistan Asylum,Prosecutors said Elin Ersson had violated the Swedish aviation act by remaining standing on takeoff. But she vowed to continue her campaign.,STOCKHOLM — Swedish prosecutors have indicted a woman who in July staged a standoff to prevent the deportation of a rejected asylum seeker to Afghanistan by refusing to take her seat on the flight.,Prosecutors said Elin Ersson had violated the Swedish aviation act by remaining standing on takeoff. But she vowed to continue her campaign.,The New York Times,4,Sweden Indicts Woman Who Tried to Block Afghan Man’s Deportation on Flight,Sweden Indicts Protester of Afghan’s Deportation,2018-10-20T15:19:00+0000,Foreign,World,article,https://www.nytimes.com/2018/10/20/world/europe/sweden-elin-ersson-deportation.html,News,,nyt://article/7eb5af66-3b0e-542f-9b92-44c481393a2b
Afghanistan Asylum,Sexual violence by refugees raises an uncomfortable question: Is it possible to defend both pluralism and women’s rights?,Berlin — A brutal murder case has gripped Germany: On June 6 the body of a 14-year-old girl  Susanna Maria Feldmann  was found in Wiesbaden. She had been raped and strangled. Two days later her alleged assailant  Ali Bashar  a 20-year-old asylum seeker from Iraq  was apprehended in Iraqi Kurdistan  where he had fled. He reportedly confessed to the murder.,Sexual violence by refugees raises an uncomfortable question: Is it possible to defend both pluralism and women’s rights?,The New York Times,,The German Feminists’ Dilemma,,2018-06-12T19:00:04+0000,OpEd,Opinion,article,https://www.nytimes.com/2018/06/12/opinion/the-german-feminists-dilemma.html,Op-Ed,,nyt://article/4ae5bd4c-db28-54fd-8e01-43bdf714cee7
Afghanistan Asylum,Amnesty International said European countries had returned about 10 000 Afghan asylum seekers to escalating violence and an acute humanitarian crisis.,KABUL  Afghanistan — After the northern Afghan city of Kunduz fell to the Taliban in 2015  Naqibullah  23  set off for Europe. He had worked as a contracted mechanic for the Afghan forces  and he knew the Taliban would come for him. He spent $8 000  and risked getting shot by Iranian border guards and braving turbulent Mediterranean waters to reach Germany.,Amnesty International said European countries had returned about 10 000 Afghan asylum seekers to escalating violence and an acute humanitarian crisis.,The New York Times,,Europe Is Called ‘Willfully Blind’ to Risks Afghan Deportees Face,,2017-10-05T09:48:11+0000,Foreign,World,article,https://www.nytimes.com/2017/10/05/world/asia/afghan-refugees-deported.html,News,,nyt://article/fba0c365-239d-5dd3-a1c4-85df2f13fc95
Afghanistan Asylum,Here’s what you need to know to start your day.,(Want to get this briefing by email? Here’s the sign-up.),Here’s what you need to know to start your day.,The New York Times,,Catalonia  Las Vegas  Google: Your Thursday Briefing,,2017-10-05T04:01:45+0000,NYTNow,Briefing,article,https://www.nytimes.com/2017/10/05/briefing/catalonia-las-vegas-google.html,briefing,,nyt://article/51994416-d682-5f67-8f45-358cac46dcd3
Afghanistan Asylum,Here’s what you need to know to start your day.,(Want to get this briefing by email? Here’s the sign-up.),Here’s what you need to know to start your day.,The New York Times,,Climate Change  Kabul  Theresa May: Your Thursday Briefing,,2017-06-01T04:09:18+0000,NYTNow,Briefing,article,https://www.nytimes.com/2017/06/01/briefing/climate-change-kabul-theresa-may.html,briefing,,nyt://article/dafafef7-5d59-5e29-be74-91cb61c4a964
Afghanistan Asylum,Here’s what you need to know to start your day.,Good morning.,Here’s what you need to know to start your day.,The New York Times,,Aleppo  Donald Trump  EgyptAir: Your Friday Briefing,,2016-12-16T05:02:47+0000,NYTNow,Briefing,article,https://www.nytimes.com/2016/12/16/briefing/europe-briefing.html,briefing,,nyt://article/fb876d03-f3ae-512b-9513-c4c888d5b057
Afghanistan Asylum,Massoud Mosavi  7  and his family were deported from Norway. But he speaks Norwegian and English  and remembers nothing of his native country.,KABUL  Afghanistan — Massoud Mosavi is a bright and funny little kid  although these days he is in grim humor. He speaks English well enough that he was able to be interviewed without an interpreter even though he is only 7 — and an Afghan for whom English is his second language.,Massoud Mosavi  7  and his family were deported from Norway. But he speaks Norwegian and English  and remembers nothing of his native country.,The New York Times,14,A Deported Afghan Boy Returns to a Land Nothing Like Home,Afghan Boy Returns to a Land Nothing Like Home,2016-11-12T15:06:44+0000,Foreign,World,article,https://www.nytimes.com/2016/11/13/world/asia/a-deported-afghan-boy-returns-to-a-land-nothing-like-home.html,News,,nyt://article/500efbcc-ef1d-5755-aefc-0935119dffa6
Afghanistan Asylum,The conditions of refugee detention centers on remote islands are a national disgrace. But can shame force reform?,SYDNEY  Australia — In Dante’s view  the unfortunate souls who dwell in purgatory may suffer excruciating pain  but the promise of their final destination is clear: paradise. Those who languish on the remote  tiny islands — Manus and Nauru — that host Australia’s offshore immigration detention centers are not so lucky.,The conditions of refugee detention centers on remote islands are a national disgrace. But can shame force reform?,The New York Times,,Australia’s Gulag Archipelago,Australia’s Gulag Archipelago,2016-08-30T10:42:57+0000,OpEd,Opinion,article,https://www.nytimes.com/2016/08/31/opinion/australias-gulag-archipelago.html,Op-Ed,,nyt://article/9cf1d7c1-5323-52c7-a57e-15ea7ba4e220
Afghanistan Asylum,The Greek riot police forcibly removed protesters from train tracks at a border camp after Macedonia blocked Afghans from seeking political asylum.,PARIS — A decision by the Macedonian authorities to block thousands of Afghan asylum seekers from crossing into the country from Greece set off clashes between migrants and the police on Tuesday  highlighting the challenges facing European nations as they seek to check the flow of people to the Continent.,The Greek riot police forcibly removed protesters from train tracks at a border camp after Macedonia blocked Afghans from seeking political asylum.,The New York Times,7,Policy Shifts on Refugees Lead to Clashes Between Migrants and Police,Clashes Erupt in Greece as Macedonia Bars Afghan Asylum Seekers,2016-02-23T16:08:57+0000,Foreign,World,article,https://www.nytimes.com/2016/02/24/world/europe/macedonia-afghan-migrant-crisis.html,News,,nyt://article/7543d65d-7547-5c67-a96d-8ad54633c561
Afghanistan Asylum,Under threat of an honor killing  a young couple cannot get a visa to leave Afghanistan.,BAMIAN  Afghanistan — THIS summer a young newlywed couple watched with a mixture of envy and interest as tens of thousands of their neighbors and countrymen made their way to Europe in the hopes of claiming asylum. Living under the threat of an honor killing for eloping against their families’ wishes  the couple  Zakia and Mohammad Ali  had a better case than most Afghans  but after anguishing over whether to go  they decided to remain here in hiding rather than take the risk of fleeing.,Under threat of an honor killing  a young couple cannot get a visa to leave Afghanistan.,The New York Times,3,In Danger in Afghanistan  Unable to Flee,In Danger in Afghanistan  Unable to Flee,2015-12-05T20:54:45+0000,OpEd,Sunday Review,article,https://www.nytimes.com/2015/12/06/sunday-review/in-danger-in-afghanistan-unable-to-flee.html,News Analysis,,nyt://article/fb0f1a09-f49f-5c43-b410-df77794689dc
Afghanistan Asylum,The diplomatic drain comes amid uncertainty over what conditions will be like in the country after the Western military withdrawal  scheduled to be completed in 2014.,KABUL  Afghanistan — When it comes to expressing confidence in Afghanistan’s future  many of the country’s diplomats seem to be voting with their feet when their tours of duty end.,The diplomatic drain comes amid uncertainty over what conditions will be like in the country after the Western military withdrawal  scheduled to be completed in 2014.,The New York Times,7,As Uncertainty Reigns Back Home  Many Afghan Envoys Decline to Return ,As Uncertainty Reigns Back Home  Many Afghan Envoys Decline to Return,2013-07-12T19:42:46+0000,Foreign,World,article,https://www.nytimes.com/2013/07/13/world/asia/once-abroad-many-afghan-diplomats-never-return.html,News,,nyt://article/bf29c839-0d27-58cd-9a5a-7cf5a497c790
Afghanistan Asylum,Prime Minister Kevin Rudd of Australia will visit Indonesia with one thorny issue atop his agenda: turning the flood of asylum seekers back to a trickle.,SYDNEY — When Prime Minister Kevin Rudd of Australia arrives in Indonesia on Thursday for annual talks with President Susilo Bambang Yudhoyono  one thorny domestic issue seems sure to top his agenda: turning the flood of asylum seekers trying to reach his country’s shores back to a trickle.,Prime Minister Kevin Rudd of Australia will visit Indonesia with one thorny issue atop his agenda: turning the flood of asylum seekers back to a trickle.,International Herald Tribune,,Australian Premier Seeks to Slow Tide of Refugees,Australian Premier Seeks to Slow Tide of Refugees,2013-07-04T00:21:58+0000,Foreign,World,article,https://www.nytimes.com/2013/07/04/world/asia/Australian-Premier-Kevin-Rudd-Seeks-to-Slow-Tide-of-Refugees.html,News,,nyt://article/9eb4daec-9913-52a1-a63c-14052f40886a
Afghanistan Asylum,Far-right ultranationalist groups are exploiting old enmities and new fears across Europe  inflaming xenophobia and violence against immigrants and minorities.,ONE evening in September 2011  Ali Rahimi  a 27-year-old Afghan asylum seeker  was hanging around with friends outside his building in central Athens when more than a dozen Greeks approached. Several men set upon Mr. Rahimi  one with a knife. Panicked  he fled into his apartment and fought back  managing to push the men out the door. He found blood gushing from just above his heart  one of five stab wounds in his back and chest. ,Far-right ultranationalist groups are exploiting old enmities and new fears across Europe  inflaming xenophobia and violence against immigrants and minorities.,The New York Times,4,Europe’s New Fascists,Europe’s New Fascists,2012-11-17T20:32:42+0000,OpEd,Opinion,article,https://www.nytimes.com/2012/11/18/opinion/sunday/europes-new-fascists.html,Op-Ed,,nyt://article/897f7d45-9977-5003-9f61-36439c5b7c7c
Afghanistan Asylum,Several European countries had been sending migrants back to their first port of entry  despite warnings from the U.N. and the Council of Europe that Greece’s system was dysfunctional.,PARIS — A closely watched human rights court case in Strasbourg has spurred several European nations to halt the forced return of asylum seekers to Greece. ,Several European countries had been sending migrants back to their first port of entry  despite warnings from the U.N. and the Council of Europe that Greece’s system was dysfunctional.,International Herald Tribune,,Rights Ruling Stops Return of Refugees to Greece,Rights Ruling Stops Return of Refugees to Greece,2011-01-26T20:08:24+0000,Foreign,World,article,https://www.nytimes.com/2011/01/27/world/europe/27iht-asylum27.html,News,,nyt://article/6075a0a5-0b27-5443-9f4d-ccf182039a04
Afghanistan Asylum,Prime Minister Julia Gillard announced a plan on Tuesday for tackling the surge in the number of asylum seekers arriving from Indonesia  one of Australia’s most divisive issues.,SYDNEY  Australia  Prime Minister Julia Gillard unveiled her strategy for tackling one of the country’s most divisive issues on Tuesday with a sweeping plan to establish a regional center for processing boat people aiming for refuge in Australia. ,Prime Minister Julia Gillard announced a plan on Tuesday for tackling the surge in the number of asylum seekers arriving from Indonesia  one of Australia’s most divisive issues.,The New York Times,9,Australia Leader Proposes Refugee Hub in East Timor,Australia Leader Proposes Refugee Hub in East Timor,2010-07-06T08:52:21+0000,Foreign,World,article,https://www.nytimes.com/2010/07/07/world/asia/07australia.html,News,,nyt://article/98111845-7a9a-5b92-aa4d-4cf4bf75babc
Afghanistan Asylum,The new Christmas Island refugee detention center has come to symbolize what many call one of Australia’s defining fears: the arrival of boat people from Asia .,CHRISTMAS ISLAND  Australia  Deep in the jungle on this small island lost in the Indian Ocean  Australia’s new $370 million refugee detention center reaches its full power after its lights come on at dusk. Bracketed by rain forest  steep cliffs and the sea  it rises from the enveloping darkness and becomes visible from the island’s only inhabited corner  about 10 miles away.,The new Christmas Island refugee detention center has come to symbolize what many call one of Australia’s defining fears: the arrival of boat people from Asia .,The New York Times,6,Australia Puts Its Refugee Problem on a Remote Island  Behind Razor Wire,Australia Puts Its Refugee Problem on a Remote Island  Behind Razor Wire,2009-11-05T00:26:15+0000,Foreign,World,article,https://www.nytimes.com/2009/11/05/world/asia/05island.html,News,,nyt://article/31326111-fbee-543f-b841-c68a6934d891
Afghanistan Asylum,,CARACAS — Venezuela is considering selling its fleet of U.S.-made F-16 fighter jets to another country  perhaps Iran  in response to an American ban on arms sales to President Hugo Chávez's government  a military official said Tuesday.,CARACAS — Venezuela is considering selling its fleet of U.S.-made F-16 fighter jets to another country  perhaps Iran  in response to an American ban on arms sales to President Hugo Chávez's government  a military official said Tuesday.,International Herald Tribune,,Venezuela may sell jets to Iran  official asserts,Venezuela may sell jets to Iran  official asserts,2006-05-16T05:00:00+0000,IHT News,World,article,https://www.nytimes.com/2006/05/16/world/americas/16iht-briefs.html,News,,nyt://article/576e92f1-adb9-52a5-bbcb-da4e219c4c84
Afghanistan Asylum,Thirty-nine Afghans seeking asylum begin hunger strike in Bogor (Indonesia); group was trying to get to Australia when they were detained (S),A group of 39 Afghan asylum seekers started a hunger strike in Bogor  a city south of Jakarta  after the United Nations refused to grant them refugee status and relocate them to a third country. Eighteen of the protestors sewed their mouths shut. The group had been intercepted en route to Australia from Indonesia by the Indonesian authorities two years ago. Evelyn Rusli (NYT),Thirty-nine Afghans seeking asylum begin hunger strike in Bogor (Indonesia); group was trying to get to Australia when they were detained (S),The New York Times,14,World Briefing | Asia-Pacific: Indonesia: Afghans Fast For Asylum,World Briefing | Asia-Pacific: Indonesia: Afghans Fast For Asylum,2004-08-12T05:00:00+0000,Foreign Desk,World,article,https://www.nytimes.com/2004/08/12/world/world-briefing-asia-pacific-indonesia-afghans-fast-for-asylum.html,News,,nyt://article/0dbcf0e6-3f5e-5ab7-9bfa-ead37c8bcbbc
Afghanistan Asylum,EUROPE., EUROPE ,EUROPE.,The New York Times,,World Briefings,World Briefings,2004-08-12T05:00:00+0000,International,World,article,https://www.nytimes.com/2004/08/12/international/world-briefings.html,News,,nyt://article/cd7f8d3d-f099-5064-bc91-c8c5f798c4c9
Afghanistan Asylum,Two Ghanaian boys dressed in clothes for heat of Africa are found dead in undercarriage of Ghana Airways DC-10 airliner that lands in wintry London; deaths underscore pressures and desperation that drive people from poor and troubled lands to seek...,Carrying little more than an empty wallet and a broken padlock between them  two Ghanaian boys in clothes for the heat of Africa were found dead in the undercarriage of a Ghana Airways DC-10 airliner that landed in wintry London on Saturday  the police said today.,Two Ghanaian boys dressed in clothes for heat of Africa are found dead in undercarriage of Ghana Airways DC-10 airliner that lands in wintry London; deaths underscore pressures and desperation that drive people from poor and troubled lands to seek new lives in wealthy Europe; photos (M),The New York Times,14,Perils of Migration: 2 Ghanaian Boys Die as Flight Stowaways,Perils of Migration: 2 Ghanaian Boys Die as Flight Stowaways,2002-12-06T05:00:00+0000,Foreign Desk,World,article,https://www.nytimes.com/2002/12/06/world/perils-of-migration-2-ghanaian-boys-die-as-flight-stowaways.html,News,,nyt://article/7099e291-47e5-59bd-a305-3c7b665a5995
Afghanistan Asylum,GEORGIA: President Visits Rebel Area; RUSSIA: Member Of Parliament Attacked; DENMARK: Afghans Offered Cash To Go Home;., GEORGIA: PRESIDENT VISITS REBEL AREA President Eduard A. Shevardnadze visited the Pankisi Gorge  a lawless region said to be home to dozens of Islamic militants and rebels fighting for independence in the Russian republic of Chechnya. His visit came as hundreds of Georgian police and interior troops set up checkpoints in the region in an effort to establish order  as Russia has long demanded. He also attended a memorial service for an elderly Georgian killed in an airstrike on Friday that Georgian officials said was carried out by Russia. The troops in Pankisi have yet to arrest any armed fighters  who appear to have fled in advance of the operation. ,GEORGIA: President Visits Rebel Area; RUSSIA: Member Of Parliament Attacked; DENMARK: Afghans Offered Cash To Go Home;.,The New York Times,,World Briefing: Europe,World Briefing: Europe,2002-08-28T05:00:00+0000,International,World,article,https://www.nytimes.com/2002/08/28/international/europe/world-briefing-europe.html,News,,nyt://article/b927f774-e058-53ea-8906-ebb83e084f69
Afghanistan Asylum,UNITED NATIONS., UNITED NATIONS ,UNITED NATIONS.,The New York Times,,World Briefing,World Briefing,2002-02-02T05:00:00+0000,International,World,article,https://www.nytimes.com/2002/02/02/international/world-briefing.html,News,,nyt://article/4e195a70-1ee8-5390-bdbb-d765b4166157
Afghanistan Asylum,UN refugee commissioner Rudd Lubbers expresses concern about Australia's detention centers for asylum seekers; photo (S),After protests by inmates of detention camps in Australia  the head of the United Nations refugee agency urged the government to review its policy on asylum seekers. Ruud Lubbers  the United Nations high commissioner for refugees  said the agency's guidelines ''state that the detention of asylum seekers -- especially children -- is inherently undesirable.'' The agency is also concerned about Australia's effort  including the inducement of cash payments  to send Afghan asylum seekers back home  citing the ''precarious security situation.'' Elizabeth Olson (NYT),UN refugee commissioner Rudd Lubbers expresses concern about Australia's detention centers for asylum seekers; photo (S),The New York Times,12,World Briefing | United Nations: Australia Detentions Worry Refugee Chief,World Briefing | United Nations: Australia Detentions Worry Refugee Chief,2002-02-02T05:00:00+0000,Foreign Desk,World,article,https://www.nytimes.com/2002/02/02/world/world-briefing-united-nations-australia-detentions-worry-refugee-chief.html,News,,nyt://article/9282ff1e-86e0-5be0-b7b3-a9fc54faf7a5
Afghanistan Asylum,Immigrants and their advocates say Australian government's plan to offer Afghan immigrants money to return to their homeland would not be accepted by many of eligible asylum seekers and could be premature; within Australia opposition is building t...,The Australian government's plan to offer Afghan immigrants money to return to their homeland would not be accepted by many of the eligible asylum seekers and could be premature  according to the immigrants and their advocates.,Immigrants and their advocates say Australian government's plan to offer Afghan immigrants money to return to their homeland would not be accepted by many of eligible asylum seekers and could be premature; within Australia opposition is building to government's policy of mandatory detention for all unauthorized immigrants (M),The New York Times,15,Afghan Refugees Are Likely to Reject Australian Resettlement Plan,Afghan Refugees Are Likely to Reject Australian Resettlement Plan,2002-02-01T05:00:00+0000,Foreign Desk,World,article,https://www.nytimes.com/2002/02/01/world/afghan-refugees-are-likely-to-reject-australian-resettlement-plan.html,News,,nyt://article/62e6d99a-c89c-5698-952a-ddae0a4fa7b9
Afghanistan Asylum,Hundreds of asylum seekers at Woomera  Australia's largest immigration detention center  say they will suspend 15-day hunger strike while negotiations continue with government over their detention; government says it has made no change in its poli...,Hundreds of asylum seekers at Woomera  Australia's largest immigration detention center  said late Wednesday that they would suspend a 15-day hunger strike while negotiations continued with the government over their detention.,Hundreds of asylum seekers at Woomera  Australia's largest immigration detention center  say they will suspend 15-day hunger strike while negotiations continue with government over their detention; government says it has made no change in its policy of detaining illegal immigrants while their visa applications are processed  sometimes for years; protests and hunger strikes continue at some other immigration detention centers; asylum seekers at Woomera  largely from Middle East  say their chief demand is to be moved out of mandatory detention; government resumes consideration of visas for Afghan immigrants  process that had been suspended after Taliban government fell (M),The New York Times,3,Asylum Seekers Detained in Australia Suspend Hunger Strike,Asylum Seekers Detained in Australia Suspend Hunger Strike,2002-01-31T05:00:00+0000,Foreign Desk,World,article,https://www.nytimes.com/2002/01/31/world/asylum-seekers-detained-in-australia-suspend-hunger-strike.html,News,,nyt://article/d1d60e95-bab7-5f3e-aede-29579f9fa986
Afghanistan Asylum,Nine teenage Afghans seeking asylum are threatening to kill themselves unless they are freed from Australian camp where hundreds of illegal immigrants have been on hunger strike for two weeks to protest their detention; immigrants are protesting c...,Nine teenage Afghans seeking asylum are threatening to kill themselves unless they are freed from a camp where hundreds of illegal immigrants have been on a hunger strike for two weeks to protest their detention.,Nine teenage Afghans seeking asylum are threatening to kill themselves unless they are freed from Australian camp where hundreds of illegal immigrants have been on hunger strike for two weeks to protest their detention; immigrants are protesting conditions at camp and government's policy of detaining all illegal immigrants while their applications for asylum wind through bureaucracy  which can take years; detainees at other centers across Australia have joined protests; some have sewn their mouths shut and others have harmed themselves or attempted suicide; photo (M),The New York Times,3,Suicide Threat By 9 Refugees Held in Camp By Australia,Suicide Threat By 9 Refugees Held in Camp By Australia,2002-01-30T05:00:00+0000,Foreign Desk,World,article,https://www.nytimes.com/2002/01/30/world/suicide-threat-by-9-refugees-held-in-camp-by-australia.html,News,,nyt://article/e88373b0-4ba2-5e71-8b33-560b9e5b1e53
Afghanistan Asylum,Australian government will resume processing visas for Afghan asylum seekers today (S),The government will resume processing visas for Afghan asylum seekers today  Immigration Minister Philip Ruddock said after a meeting with the government's advisory group on alien detention centers. The government stopped processing applications from illegal Afghan immigrants after the Taliban government fell. Hundreds of asylum-seekers are staging a hunger strike inside the largest center  protesting the policy of holding illegal immigrants behind barbed-wire fences during the wait for their cases to be resolved  which can last months or years. On Wednesday  three Afghan immigrants  including a 16-year-old boy  tried to hang themselves  the government said.,Australian government will resume processing visas for Afghan asylum seekers today (S),The New York Times,8,World Briefing | Asia: Australia: Policy Change On Afghan Migrants,World Briefing | Asia: Australia: Policy Change On Afghan Migrants,2002-01-25T05:00:00+0000,Foreign Desk,World,article,https://www.nytimes.com/2002/01/25/world/world-briefing-asia-australia-policy-change-on-afghan-migrants.html,News,,nyt://article/2d850696-e6e9-5db4-8a76-5c49360d7f65
Afghanistan Asylum,EUROPE., EUROPE ,EUROPE.,The New York Times,,World Briefing,World Briefing,2002-01-25T05:00:00+0000,International,World,article,https://www.nytimes.com/2002/01/25/international/world-briefing.html,News,,nyt://article/936c1586-b05a-5b93-8372-c9b2e4e14b22
Afghanistan Asylum,As many as 40 Afghan asylum seekers  some of whom sewed lips together to protest being held in Australia's arid outback at one of country's largest and harshest detention camps  reportedly collapse from dehydration (S),As many as 40 Afghan asylum seekers  some of whom sewed their lips together last week to protest being held in the arid outback at one of Australia's largest and harshest detention camps  have collapsed from dehydration  according to a statement smuggled out from the detainees and received in Sydney today.,As many as 40 Afghan asylum seekers  some of whom sewed lips together to protest being held in Australia's arid outback at one of country's largest and harshest detention camps  reportedly collapse from dehydration (S),The New York Times,3,Afghans Write of Hunger Strike At Australian Detention Camp,Afghans Write of Hunger Strike At Australian Detention Camp,2002-01-22T05:00:00+0000,Foreign Desk,World,article,https://www.nytimes.com/2002/01/22/world/afghans-write-of-hunger-strike-at-australian-detention-camp.html,News,,nyt://article/ae4d7db4-da67-57a2-9589-4d801ba4411c
Afghanistan Asylum,Australia's conservative prime minister  John Howard  won a remarkable election victory last Saturday  with a swing to his government of about 2 percent. This is the biggest swing to a sitting government since 1966 and puts him on course to become...,Australia's conservative prime minister  John Howard  won a remarkable election victory last Saturday  with a swing to his government of about 2 percent. This is the biggest swing to a sitting government since 1966 and puts him on course to become Australia's second longest serving prime minister  behind his hero Sir Robert Menzies (1949-1966).,Australia's conservative prime minister  John Howard  won a remarkable election victory last Saturday  with a swing to his government of about 2 percent. This is the biggest swing to a sitting government since 1966 and puts him on course to become Austral,International Herald Tribune,,Australians Like a Hard Line Against Boat People,Australians Like a Hard Line Against Boat People,2001-11-16T05:00:00+0000,IHT News,Opinion,article,https://www.nytimes.com/2001/11/16/opinion/IHT-australians-like-a-hard-line-against-boat-people.html,,,nyt://article/e21e1f02-7613-51de-8d41-5e1531e782ae
Afghanistan Asylum,AFRICA., AFRICA ,AFRICA.,The New York Times,,World Briefing,World Briefing,2001-09-07T05:00:00+0000,International,World,article,https://www.nytimes.com/2001/09/07/international/world-briefing.html,News,,nyt://article/8b3eb771-b8d0-52d8-9173-a4dbf7ee06a5
Afghanistan Asylum,Australia's international reputation has suffered badly because of its rejection of the more than 430  mainly Afghan  asylum seekers who had been rescued by the Norwegian freighter MV Tampa. But many Australians do not care..A year ago Australia r...,Australia's international reputation has suffered badly because of its rejection of the more than 430  mainly Afghan  asylum seekers who had been rescued by the Norwegian freighter MV Tampa. But many Australians do not care.,Australia's international reputation has suffered badly because of its rejection of the more than 430  mainly Afghan  asylum seekers who had been rescued by the Norwegian freighter MV Tampa. But many Australians do not care..A year ago Australia receiv,International Herald Tribune,,Australians Earn a Bad Reputation,Australians Earn a Bad Reputation,2001-09-05T05:00:00+0000,IHT News,Opinion,article,https://www.nytimes.com/2001/09/05/opinion/IHT-australians-earn-a-bad-reputation.html,,,nyt://article/8305535a-b291-5f33-9870-3829500dedc3
Afghanistan Asylum,British authorities charge 13 Afghans with hijacking Ariana Afghan Airlines jetliner with more that 150 people aboard during domestic flight and forcing it on odyssey across Middle East and Europe before ending saga at Stansted Airport outside Lon...,Thirteen Afghans were charged today with hijacking the airliner that spent last week parked on a remote runway at a British airport with more than 150 people aboard. The men  ranging in age from 18 to 36  could face long prison sentences if convicted.,British authorities charge 13 Afghans with hijacking Ariana Afghan Airlines jetliner with more that 150 people aboard during domestic flight and forcing it on odyssey across Middle East and Europe before ending saga at Stansted Airport outside London; 13 men  ranging in ages from 18 to 36  could face long prison sentences; British authorities question 14th suspect; say six others arrested in connection with hijacking were not charged and will join group of 73 passengers applying for political asylum (M),The New York Times,3,13 Are Charged in Hijacking of Afghan Jet as 73 Seek Asylum,13 Are Charged in Hijacking of Afghan Jet as 73 Seek Asylum,2000-02-15T05:00:00+0000,Foreign Desk,World,article,https://www.nytimes.com/2000/02/15/world/13-are-charged-in-hijacking-of-afghan-jet-as-73-seek-asylum.html,News,,nyt://article/a76f66c5-7b35-5900-9ef7-c95289cfa928
Afghanistan Asylum,Hijacking of Afghan airliner ends peacefully at Stansted airport on Feb 10; British officials say 21 people aboard airliner have been arrested in connection with hijacking  and that some of suspects are expected to seek asylum in Britain; say 60 a...,No sooner had the government orchestrated a peaceful end to a four-day hijacking of an Afghan airliner at Stansted airport this morning than it was faced with another crisis: how to sort the hijackers from the hostages and deal with all those suddenly clamoring for political asylum in Britain.,Hijacking of Afghan airliner ends peacefully at Stansted airport on Feb 10; British officials say 21 people aboard airliner have been arrested in connection with hijacking  and that some of suspects are expected to seek asylum in Britain; say 60 adults and 14 children of 150 or so passengers have requested asylum  apparently in effort to flee repressive Taliban regime in Afghanistan; photo (M),The New York Times,1,Scores on Hijacked Afghan Plane Ask Unhappy British for Asylum,Scores on Hijacked Afghan Plane Ask Unhappy British for Asylum,2000-02-11T05:00:00+0000,Foreign Desk,World,article,https://www.nytimes.com/2000/02/11/world/scores-on-hijacked-afghan-plane-ask-unhappy-british-for-asylum.html,News,,nyt://article/7dcb6150-fe17-5754-8ab4-b62d21150ff4
Syria Asylum,Here’s what you need to know.,(Want to get this briefing by email? Here’s the sign-up.),Here’s what you need to know.,The New York Times,,Coronavirus  Huawei in Britain  Impeachment: Your Wednesday Briefing,,2020-01-28T20:48:04+0000,NYTNow,Briefing,article,https://www.nytimes.com/2020/01/28/briefing/coronavirus-huawei-impeachment.html,briefing,,nyt://article/ca82d20b-0308-58ab-a101-ed22623f1e74
Syria Asylum,Here’s what you need to know.,(Want to get this briefing by email? Here’s the sign-up.),Here’s what you need to know.,The New York Times,,Rohingya  Italy  Brazil Fires: Your Friday Briefing,,2019-08-23T02:55:57+0000,NYTNow,Briefing,article,https://www.nytimes.com/2019/08/22/briefing/rohingya-italian-government-brazil-fires.html,briefing,,nyt://article/e9ed2e91-030c-5d6f-8c29-e9cb2c037513
Syria Asylum,An asylum seeker was found guilty of manslaughter in the death of a German man last year in the eastern city of Chemnitz that added fuel to an anti-immigrant backlash.,BERLIN — A German court convicted a Syrian asylum seeker of manslaughter on Thursday over a stabbing last year that touched off nationalist and neo-Nazi rioting in the eastern city of Chemnitz and revealed the strength of an anti-immigrant backlash.,An asylum seeker was found guilty of manslaughter in the death of a German man last year in the eastern city of Chemnitz that added fuel to an anti-immigrant backlash.,The New York Times,5,Syrian Is Convicted in Stabbing Death That Set Off Riots in Germany,Guilty Verdict In a Killing That Fueled German Riots,2019-08-22T14:40:54+0000,Foreign,World,article,https://www.nytimes.com/2019/08/22/world/europe/chemitz-stabbing-germany-riots.html,News,,nyt://article/b2af44a5-837a-5319-869e-9ffe0f7d92fc
Syria Asylum,Two plays at one of the city’s most important theaters make the case for accepting displaced people  as politics there is turning against them.,MUNICH — In the summer of 2015  the world watched in astonishment as Germans cheered crowds of refugees streaming into train stations throughout the country. Scenes from that unprecedented — and short-lived — moment of welcome form part of “What They Want to Hear ” one of two current productions about exile and its ordeals at the Münchner Kammerspiele  one of Munich’s  and Germany’s  most important theaters.,Two plays at one of the city’s most important theaters make the case for accepting displaced people  as politics there is turning against them.,The New York Times,,In Conservative Munich  a Theater Turns Radical and Defends Refugees,,2018-07-13T07:18:22+0000,Culture,Theater,article,https://www.nytimes.com/2018/07/13/theater/muenchner-kammerspiele-matthias-lilienthal-refugees.html,Review,,nyt://article/6a2e9927-a4f3-5c06-94c6-70e9d46e1319
Syria Asylum,Israel is a safeguard for Jews  not a vanity.,Adam Armoush is a 21-year-old Israeli Arab who  on a recent outing in Berlin  donned a yarmulke to test a friend’s contention that it was unsafe to do so in Germany. On Tuesday he was assaulted in broad daylight by a Syrian asylum-seeker who whipped him with a belt for being “yahudi” — Arabic for Jew.,Israel is a safeguard for Jews  not a vanity.,The New York Times,21,Jewish Power at 70 Years,Jewish Power At 70 Years,2018-04-20T23:51:04+0000,OpEd,Opinion,article,https://www.nytimes.com/2018/04/20/opinion/israel-70-anniversary-jews.html,Op-Ed,,nyt://article/82237e63-d3b5-5bea-b8c2-22aeb3bfb9b6
Syria Asylum,From “The Three Musketeers” to “Macbeth ” here’s our guide to summer theater that won’t cost you a dime.,New York’s most high-profile free summer theater program is Shakespeare in the Park  the Public Theater’s annual series at the Delacorte Theater in Central Park. (It’s the one that recently found itself the target of protests over an onstage death of a Trumplike Julius Caesar.) But there are other local companies devoted to putting on shows — most of them outdoors  weather permitting — that won’t cost you a penny. Here’s a guide.,From “The Three Musketeers” to “Macbeth ” here’s our guide to summer theater that won’t cost you a dime.,The New York Times,,Free Shows to See in New York This Summer,,2017-07-14T19:27:28+0000,Culture,Theater,article,https://www.nytimes.com/2017/07/14/theater/free-shows-to-see-in-new-york-this-summer.html,News,,nyt://article/2c7f4e77-3e6c-5a41-871a-d6041b6a9126
Syria Asylum,Here’s what you need to know to start your day.,Good morning. ,Here’s what you need to know to start your day.,The New York Times,,Damascus  Trump Tax Cut  North Korea: Your Morning Briefing,,2017-04-27T19:53:48+0000,NYTNow,Briefing,article,https://www.nytimes.com/2017/04/27/briefing/damascus-trump-tax-cut-north-korea-your-morning-briefing.html,briefing,,nyt://article/40fbaa55-72b0-53fb-88d6-687b903c0561
Syria Asylum,For all its outrage and rancor  Trump’s campaign has  from the beginning  been mostly about grieving.,At recent rallies  Donald Trump’s warm-up playlist  the one the candidate famously insists on choosing himself  has featured “Funeral for a Friend/Love Lies Bleeding ” the opening medley from Elton John’s 1973 album “Goodbye Yellow Brick Road.” Like a lot of the playlist  it’s an endearingly perverse song for a political event  opening with a somber minor-key dirge performed on a chorus of analog synthesizers. The track played at least a couple of times at the Giant Center arena in Hershey  Pa.  on Friday night  as we waited for Trump to arrive  and whenever the dolorous synths cut through the fried-dough-scented air  I felt as if I were at some hybrid of a monster-truck rally and a requiem Mass.,For all its outrage and rancor  Trump’s campaign has  from the beginning  been mostly about grieving.,The New York Times,,Donald and the Dead,,2016-11-07T21:06:38+0000,Magazine,Magazine,article,https://www.nytimes.com/2016/11/07/magazine/donald-and-the-dead.html,News,,nyt://article/43a3d57d-cb92-5432-9e73-4e168d748aa9
Syria Asylum,Some in Hollywood are lobbying for the White Helmets to receive the Nobel Peace Prize.,The complex and brutal conflict in Syria has defied the best efforts of peace negotiators and humanitarian officials for more than five years  but a new group of luminaries is weighing in on a war that has cost hundreds of thousands of lives: celebrities.,Some in Hollywood are lobbying for the White Helmets to receive the Nobel Peace Prize.,The New York Times,,After Years of War  Celebrities Find a Syrian Group to Back,,2016-09-14T17:11:54+0000,Foreign,World,article,https://www.nytimes.com/2016/09/15/world/middleeast/white-helmets-nobel.html,News,,nyt://article/d2909ee0-857f-58fa-80ca-9317d4272be2
Syria Asylum,The thousands of Muslim asylum seekers pouring into Denmark have spawned a backlash  and questions over whether the country has a latent racial hostility at its core.,TAARNBY  Denmark — Johnny Christensen  a stout and silver-whiskered retired bank employee  always thought of himself as sympathetic to people fleeing war and welcoming to immigrants. But after more than 36 000 mostly Muslim asylum seekers poured into Denmark over the past two years  Mr. Christensen  65  said  “I’ve become a racist.”,The thousands of Muslim asylum seekers pouring into Denmark have spawned a backlash  and questions over whether the country has a latent racial hostility at its core.,The New York Times,1,‘I’ve Become a Racist’: Migrant Wave Unleashes Danish Tensions Over Identity,Muslim Migrants Spawn Backlash in Denmark,2016-09-05T15:29:25+0000,Foreign,World,article,https://www.nytimes.com/2016/09/06/world/europe/denmark-migrants-refugees-racism.html,News,,nyt://article/dfadcee7-18dc-5154-88af-d4de8366736d
Syria Asylum,The authorities received a tip that the man  a Syrian  was planning an attack later this month  intensifying fears about Islamic extremism and migrants.,BERLIN — A German special police unit has detained a Syrian asylum-seeker who they said they suspected of plotting a terrorist attack during the opening of the national soccer league season  German officials said Tuesday.,The authorities received a tip that the man  a Syrian  was planning an attack later this month  intensifying fears about Islamic extremism and migrants.,The New York Times,6,German Police Detain Asylum-Seeker Suspected of Plotting Terrorist Attack,Germans Hold Asylum Seeker in Terror Case,2016-08-09T22:31:38+0000,Foreign,World,article,https://www.nytimes.com/2016/08/10/world/europe/germany-mutterstadt-terrorism-rheinland-pfalz.html,News,,nyt://article/e741512d-5d81-5967-938c-4058f60c596a
Syria Asylum,Wary of Muslim immigrants after attacks in Europe  South Korea lets 670 Syrians stay only on annual visas  limiting their ability to find jobs and barring them from benefits.,YANGJU  South Korea — Surrounded by salvaged used-cars parts bound for Syria  Ahmad Khalifa has worked 12 hours a day for three years in one country that does not really want him while longing for another that war has destroyed.,Wary of Muslim immigrants after attacks in Europe  South Korea lets 670 Syrians stay only on annual visas  limiting their ability to find jobs and barring them from benefits.,The New York Times,4,Syrians Seeking Asylum in South Korea Find Only a Cold Shoulder,Syrians Seeking Asylum in South Korea Find Only a Cold Shoulder,2016-08-05T16:28:05+0000,Foreign,World,article,https://www.nytimes.com/2016/08/06/world/asia/korea-refugees-syria.html,News,,nyt://article/da6bb190-abab-508b-8576-b9e1907cae33
Syria Asylum,Here are the latest examples from the file of sound-alike mix-ups.,Here are the latest examples from the file of sound-alike mix-ups. We’ve seen them all before — make sure they’re on your better-check-twice list.,Here are the latest examples from the file of sound-alike mix-ups.,The New York Times,,When Spell-Check Can’t Help,,2015-09-22T12:00:18+0000,,Times Topics,article,https://afterdeadline.blogs.nytimes.com/2015/09/22/when-spell-check-cant-help-31/,News,,nyt://article/5ca92370-b97c-5c60-ae60-3dc9e8466258
Syria Asylum,Gathering for their second such session in eight days  the ministers haggled over a proposal to resettle an additional 120 000 people across the European Union.,LONDON — After weeks of indecision  the European Union voted on Tuesday to distribute 120 000 asylum seekers among member states  a plan meant to display unity in the face of the largest movement of refugees on the Continent since World War II.,Gathering for their second such session in eight days  the ministers haggled over a proposal to resettle an additional 120 000 people across the European Union.,The New York Times,1,Plan on Migrants Strains the Limits of Europe’s Unity,Plan on Migrants Strains the Limits of Europe’s Unity,2015-09-22T09:04:58+0000,Foreign,World,article,https://www.nytimes.com/2015/09/23/world/europe/european-union-ministers-migrants-refugees.html,News,,nyt://article/bc8e1a8d-7853-514c-8625-f088cab7ace4
Syria Asylum,The word once conveyed a basic human right  but now countries disagree on who's worthy of refuge.,It’s an ancient promise: When outsiders flee to a new place in desperate need  they will not be turned away. The Hebrew Bible speaks of six cities of refuge where someone who caused a death unwittingly would be protected from being killed in revenge. The Greeks allowed slaves who ran away from abusive masters and even some criminals to seek sanctuary in certain temples; ‘‘asylum’’ comes from their word for inviolable. According to legend  Romulus  the founder of Rome  extended asylum to people we would call migrants  choosing a spot between two groves on Capitoline Hill for his city’s temple of asylum. ‘‘A crowd of commoners  both free and enslaved  poured in from the neighboring territories  eager for new conditions ’’ the historian Livy wrote. ‘‘This was the first step towards the strength Romulus envisioned for Rome.’’,The word once conveyed a basic human right  but now countries disagree on who's worthy of refuge.,The New York Times,19,Who Qualifies for ‘Asylum’?,Stateless,2015-09-15T11:00:04+0000,Magazine,Magazine,article,https://www.nytimes.com/2015/09/20/magazine/who-qualifies-for-asylum.html,News,,nyt://article/ad70ef67-01f1-5fe5-8c2b-1916d338f1df
Syria Asylum,The global embrace of liberal democracy is far from inevitable.,London — THE West is suddenly suffused with self-doubt.,The global embrace of liberal democracy is far from inevitable.,The New York Times,4,Are Western Values Losing Their Sway?,Are Western Values Losing Their Sway?,2015-09-12T21:14:03+0000,OpEd,Sunday Review,article,https://www.nytimes.com/2015/09/13/sunday-review/are-western-values-losing-their-sway.html,News,,nyt://article/b5af2cf0-53a8-53f7-b74b-ea2bfcb86ad3
Syria Asylum,The Syrian military is committing extraordinary slaughter in civilian neighborhoods.,GAZIANTEP  Turkey — As the self-proclaimed Islamic State  or ISIS  commits horrendous videotaped executions  it might seem to pose the greatest threat to Syrian civilians. In fact  that ignoble distinction belongs to the barrel bombs being dropped by the military of Syria’s president  Bashar al-Assad. The Islamic State has distracted us from this deadly reality.,The Syrian military is committing extraordinary slaughter in civilian neighborhoods.,The New York Times,,Barrel Bombs  Not ISIS  Are the Greatest Threat to Syrians,At Least Stop Assad’s Barrel Bombs,2015-08-05T12:51:01+0000,OpEd,Opinion,article,https://www.nytimes.com/2015/08/06/opinion/barrel-bombs-not-isis-are-the-greatest-threat-to-syrians.html,Op-Ed,,nyt://article/0bd5e133-d596-58c2-9e3f-eefcbba6c59b
Syria Asylum,Norway is skeptical of Sweden’s open door for asylum seekers.,THE narrow victory of the left-leaning Social Democratic Party in Sweden’s elections last Sunday marked a broad shift in its politics. But a new coalition government is unlikely to reconsider one of the country’s most challenging policies: its response to the Syrian civil war. Sweden has taken an open-door approach to people fleeing the conflict  accepting more Syrians than any other European country. ,Norway is skeptical of Sweden’s open door for asylum seekers.,The New York Times,4,Scandinavians Split Over Syrian Influx,Scandinavians Split Over Syrian Influx,2014-09-19T20:36:05+0000,OpEd,Opinion,article,https://www.nytimes.com/2014/09/21/opinion/sunday/syrian-refugees-nordic-dilemma.html,Op-Ed,,nyt://article/5992b527-208f-57b9-b62a-d84e3fe885a8
Syria Asylum,Empowering  employing and educating Syrians ensures that endless Jordanian support won't be necessary.,This past weekend marked the third anniversary of the Syrian uprising against President Bashar al-Assad — and the outlook is increasingly grim. ,Empowering  employing and educating Syrians ensures that endless Jordanian support won't be necessary.,International New York Times,,Jordan's Urban Refugees,Jordan's Urban Refugees,2014-03-17T10:22:44+0000,OpEd,Opinion,article,https://www.nytimes.com/2014/03/18/opinion/jordans-urban-refugees.html,Op-Ed,,nyt://article/23f4fd3a-0ecc-574c-98d7-0167a4211299
Syria Asylum,The United Nations refugee agency reported that 3 300 Syrian refugees crossed the Mediterranean and came ashore in southern Italy in the past 40 days.,The refugees streaming out of Syria have put severe stress on neighboring Middle Eastern countries  which have absorbed more than two million of them since the Syrian conflict began 30 months ago. Now Europe is beginning to feel the effects of the refugee crisis.,The United Nations refugee agency reported that 3 300 Syrian refugees crossed the Mediterranean and came ashore in southern Italy in the past 40 days.,The New York Times,8,Syrian Refugee Spillover Into Europe Surges,Syrian Refugee Spillover Into Europe Surges,2013-09-14T01:09:59+0000,Foreign,World,article,https://www.nytimes.com/2013/09/14/world/middleeast/syrian-refugee-spillover-into-europe-surges.html,News,,nyt://article/542ff4e0-d212-58e8-b7ef-e862875a0969
Syria Asylum,Ned Martel reviews movies Unconstitutional: The War on Our Civil Liberties  directed by Nonny de la Pena  and Unprecedented: The 2000 Presidential Election  directed by Richard Ray Perez and Joan Sekler (M),Directed by Nonny de la Peña Not rated  67 minutes,Ned Martel reviews movies Unconstitutional: The War on Our Civil Liberties  directed by Nonny de la Pena  and Unprecedented: The 2000 Presidential Election  directed by Richard Ray Perez and Joan Sekler (M),The New York Times,23,'Unconstitutional' -- 'The War on Our Civil Liberties',FILM IN REVIEW; 'Unconstitutional' -- 'The War on Our Civil Liberties',2004-10-01T05:00:00+0000,Movies  Performing Arts/Weekend Desk,Arts,article,https://www.nytimes.com/2004/10/01/arts/movies/film-in-review-unconstitutional-the-war-on-our-civil-liberties.html,Review,,nyt://article/d1aed1a3-1746-5fc2-b9ed-890ee050b4ae
Colombia Asylum,Detained men and women held at a facility in Georgia are trying desperately to raise the alarm.,To hear more audio stories from publishers like The New York Times  download Audm for iPhone or Android.,Detained men and women held at a facility in Georgia are trying desperately to raise the alarm.,The New York Times,34,Fear  Illness and Death in ICE Detention: How a Protest Grew on the Inside,‘We are Humans’,2020-06-04T09:00:11+0000,Magazine,Magazine,article,https://www.nytimes.com/2020/06/04/magazine/covid-ice.html,News,,nyt://article/c5eb10d8-a19a-5da2-a72e-6e8bc8f46a80
Colombia Asylum,AMERICAS.,AMERICAS,AMERICAS.,The New York Times,,World Briefing: Americas  Middle East  Africa  Asia,World Briefing: Americas  Middle East  Africa  Asia,2005-10-05T05:00:00+0000,International,World,article,https://www.nytimes.com/2005/10/05/international/world-briefing-americas-middle-east-africa-asia.html,News,,nyt://article/8ad847c8-e519-5aec-81d8-a3056c56e5bd
Iraq Asylum,The New York Times worked with human rights groups and asylum seekers on Manus Island to examine a rash of suicide attempts and acts of self-harm since Australia’s May 18 election.,For thoughtful coverage of Australia delivered to your inbox  sign up for the Australia Letter.,The New York Times worked with human rights groups and asylum seekers on Manus Island to examine a rash of suicide attempts and acts of self-harm since Australia’s May 18 election.,The New York Times,5,A Timeline of Despair in Australia’s Offshore Detention Centers,A Timeline of Despair in Australia’s Offshore Detention Centers,2019-06-26T19:00:08+0000,Foreign,World,article,https://www.nytimes.com/2019/06/26/world/australia/australia-manus-suicide.html,News,,nyt://article/1d05f5d7-a95f-5fce-9ba3-d1506a64019d
Iraq Asylum,The parliamentary report contained an unusual admission by MI5 that it had failed to track a suspect and concluded that the security services needed to coordinate more.,LONDON — A damning parliamentary report released on Thursday raised questions about the way Britain tracked terrorism suspects  accusing the authorities of moving too slowly to forestall one of five major jihadist attacks in 2017 and finding a “litany of errors” in the handling of another.,The parliamentary report contained an unusual admission by MI5 that it had failed to track a suspect and concluded that the security services needed to coordinate more.,The New York Times,6,U.K. Panel Finds ‘Litany of Errors’ in Response to Terrorist Attacks,British Counterterrorism Gets Scathing Evaluation,2018-11-22T16:08:28+0000,Foreign,World,article,https://www.nytimes.com/2018/11/22/world/europe/uk-terrorism-report.html,News,,nyt://article/53cc587b-2bb5-53af-8e25-1a74ee10d666
Iraq Asylum,Here’s what you need to know to start your day.,(Want to get this briefing by email? Here’s the sign-up.),Here’s what you need to know to start your day.,The New York Times,,North Korea  Migration  Poland: Your Monday Briefing,,2018-06-11T04:09:11+0000,NYTNow,Briefing,article,https://www.nytimes.com/2018/06/11/briefing/north-korea-migration-poland.html,briefing,,nyt://article/6a313246-71b0-511d-89cf-5e6dc2b1e45a
Iraq Asylum,Interviews with aid workers and dozens of refugees revealed a widespread fear of the authorities. But it is not known how common abuse is.,SUKRUPASA  Turkey — The small squat structure  a cross between a kiosk and a duck blind  was starkly pale against the brown  soggy hillside a few hundred yards away.,Interviews with aid workers and dozens of refugees revealed a widespread fear of the authorities. But it is not known how common abuse is.,The New York Times,4,Bulgarian Border Police Accused of Abusing Refugees,A Feared Final Obstacle for Refugees,2015-12-23T10:00:20+0000,Foreign,World,article,https://www.nytimes.com/2015/12/24/world/europe/bulgarian-border-police-accused-of-abusing-refugees.html,News,,nyt://article/7f48bae4-1fe1-5713-a96f-72966379af4c
Iraq Asylum,An ambush killed seven Iraqi soldiers near the Syrian border  and at least nine died in a car bombing in Salahuddin Province.,BAGHDAD  Gunmen ambushed an Iraqi Army checkpoint near the Syrian border on Friday  an attack that punctuated a violent day across Iraq in which more than 20 people were killed.,An ambush killed seven Iraqi soldiers near the Syrian border  and at least nine died in a car bombing in Salahuddin Province.,The New York Times,4,Iraq Killings Point Up Persistence of Militants,Iraq Killings Point Up Persistence Of Militants,2010-06-18T19:19:28+0000,Foreign,World,article,https://www.nytimes.com/2010/06/19/world/middleeast/19iraq.html,News,,nyt://article/1aef0ff3-cb1d-5402-8219-d6aeca91dc38
Iraq Asylum,,EBELTOFT  Denmark — Despite the bite in the air  the true winter cold has yet to arrive in this serene seaside town on the east coast of Jutland.,EBELTOFT  Denmark — Despite the bite in the air  the true winter cold has yet to arrive in this serene seaside town on the east coast of Jutland.,International Herald Tribune,,Iraqis get a chilly welcome as refugees in Denmark,Iraqis get a chilly welcome as refugees in Denmark,2007-11-26T05:00:00+0000,IHT News,World,article,https://www.nytimes.com/2007/11/26/world/europe/26iht-denmark.4.8484938.html,News,,nyt://article/8bc04aaa-64af-5261-8101-eaa10235988c
Iraq Asylum,An Iraqi defector’s testimony was critical in paving the way to war. The problem was  it was all a lie.,IN the last months before the American-led invasion of Iraq  as we now know all too well  the administration of President George W. Bush showed a fine disregard for truth or consequences. This manifested itself in many ways  from insinuations about Saddam Hussein’s ephemeral Qaeda connections to the Pentagon’s willful refusal to address the human and economic costs of occupation. Bookstore shelves now groan with wide-ranging accounts struggling to chronicle the pathological hubris that drove the United States onward to Baghdad.,An Iraqi defector’s testimony was critical in paving the way to war. The problem was  it was all a lie.,The New York Times,22,Artificial Intelligence,Artificial Intelligence,2007-11-18T05:00:00+0000,BookReview,Books,article,https://www.nytimes.com/2007/11/18/books/review/Dickey-t.html,Review,,nyt://article/42416a92-9bee-53a4-9104-a498f8504c93
Iraq Asylum,,WASHINGTON — The top commanders in Iraq and the U.S. ambassador to Baghdad appealed for more time  beyond their mid-September assessment  to more fully judge whether the new strategy was making gains.,WASHINGTON — The top commanders in Iraq and the U.S. ambassador to Baghdad appealed for more time  beyond their mid-September assessment  to more fully judge whether the new strategy was making gains.,International Herald Tribune,,U.S. generals ask for more time before judging Iraq policy,U.S. generals ask for more time before judging Iraq policy,2007-07-20T05:00:00+0000,IHT News,World,article,https://www.nytimes.com/2007/07/20/world/americas/20iht-iraq.1.6749825.html,News,,nyt://article/49ac6f36-2642-5e8c-a211-9035297a5cbc
Iraq Asylum,Asylum for Iraqis; McCain the frontrunner; keeping score in the Middle East.,,Asylum for Iraqis; McCain the frontrunner; keeping score in the Middle East.,The New York Times,,Helping Iraqis Who Helped U.S.,,2006-12-15T14:40:13+0000,OpEd,Opinion,article,https://opinionator.blogs.nytimes.com/2006/12/15/helping-iraqis-who-helped-us/,News,,nyt://article/83290c8a-b453-5135-a014-478cf3f98ccd
Iraq Asylum,,,,The New York Times,,Tense ties on refugees for Canberra and Jakarta,Tense ties on refugees for Canberra and Jakarta,2006-04-03T05:00:00+0000,None,World,article,https://www.nytimes.com/2006/04/03/world/asia/tense-ties-on-refugees-for-canberra-and-jakarta.html,News,,nyt://article/f685a89e-9053-55c3-8249-e426f58b69f1
Iraq Asylum,,,,The New York Times,,Loss of celebrity leaves Munich a bit grayer,Loss of celebrity leaves Munich a bit grayer,2005-01-29T05:00:00+0000,None,World,article,https://www.nytimes.com/2005/01/29/news/loss-of-celebrity-leaves-munich-a-bit-grayer.html,News,,nyt://article/47eefca2-8451-5a65-9d84-40d30d5bd307
Iraq Asylum,,,,The New York Times,,Loss of celebrity leaves Munich a bit grayer,Loss of celebrity leaves Munich a bit grayer,2005-01-29T05:00:00+0000,None,World,article,https://www.nytimes.com/2005/01/29/world/europe/loss-of-celebrity-leaves-munich-a-bit-grayer.html,News,,nyt://article/942ca8da-e595-5eb8-9c18-7714ead8c429
Iraq Asylum,German trial of six Iraqis  seeking political asylum  who invaded Iraqi Embassy in Berlin last August begins; defense claims actions were peaceful protest against Saddam Hussein's regime (S),A trial began for six Iraqi asylum-seekers who stormed the Iraqi Embassy in Berlin last August. They are accused of holding four people hostage  including the Iraqi chargé d'affaires  before a police raid ended the five-hour siege. Defense lawyers say the action was a peaceful protest against the government of Saddam Hussein. A verdict is expected in May. Victor Homola (NYT),German trial of six Iraqis  seeking political asylum  who invaded Iraqi Embassy in Berlin last August begins; defense claims actions were peaceful protest against Saddam Hussein's regime (S),The New York Times,6,World Briefing | Europe: Germany: Iraqis In Hostage Case Face Court,World Briefing | Europe: Germany: Iraqis In Hostage Case Face Court,2003-03-27T05:00:00+0000,Foreign Desk,World,article,https://www.nytimes.com/2003/03/27/world/world-briefing-europe-germany-iraqis-in-hostage-case-face-court.html,News,,nyt://article/a17cb879-25e0-5527-8142-41b8ffc28de9
Iraq Asylum,ITALY: Anthrax Scare Shuts U.S. Embassy Office; FRANCE: Copy Statue Of Liberty Attacked; FRANCE: Rights Unit Invites Serbia And Montenegro; BRITAIN: Betting Man  Virtual Horse; RUSSIA: Complaint On Spy Plane; GERMAN: SchrÖDer Wants A Bigger Milita..., ITALY: ANTHRAX SCARE SHUTS U.S. EMBASSY OFFICE The American embassy in Rome closed its consular visa office after an an anthrax scare  an embassy official said. Employees discovered an envelope containing a white powder in the office on Monday  and Italian officials immediately sealed off the unit. Samples of the powder tested negative for anthrax  and the embassy expects to reopen the visa office today. ,ITALY: Anthrax Scare Shuts U.S. Embassy Office; FRANCE: Copy Statue Of Liberty Attacked; FRANCE: Rights Unit Invites Serbia And Montenegro; BRITAIN: Betting Man  Virtual Horse; RUSSIA: Complaint On Spy Plane; GERMAN: SchrÖDer Wants A Bigger Military; GERMANY: Iraqis In Hostage Case Face Court;.,The New York Times,,World Briefing: Europe,World Briefing: Europe,2003-03-27T05:00:00+0000,International / Europe,World,article,https://www.nytimes.com/2003/03/27/international/europe/world-briefing-europe.html,News,,nyt://article/ee8d30c1-c061-5124-aadd-07fd8b4f9a9c
Iraq Asylum,Asylum seekers are finding Europe has grown deaf to their plight; European Union leaders are set to meet to discuss steps to tighten borders to combat illegal immigration amid rising anti-immigrant sentiment; new Danish laws that make it clear imm...,If the Denmark that Muhammed al-Bayati reached after a harrowing journey from Iraq is not the one he hoped to find  neither  for that matter  is the rest of Europe.,Asylum seekers are finding Europe has grown deaf to their plight; European Union leaders are set to meet to discuss steps to tighten borders to combat illegal immigration amid rising anti-immigrant sentiment; new Danish laws that make it clear immigrants are no longer welcome in nation once proud of its openness cited; politicians across Europe are under pressure from voters to adopt policies at least as tough as neighbors'; photo (M),The New York Times,3,When Asylum Seekers Knock  Europe Is Deaf,When Asylum Seekers Knock  Europe Is Deaf,2002-06-20T05:00:00+0000,Foreign Desk,World,article,https://www.nytimes.com/2002/06/20/world/when-asylum-seekers-knock-europe-is-deaf.html,News,,nyt://article/0cfdc87d-acfb-511d-9bf5-33322c25b7aa
Iraq Asylum,Australians' will to preserve their way of life drives popularity of rigid refugee policy introduced last year; photos; map (M),To most outsiders Australia seems a faraway nation of open spaces  eternal skies and red earth. The small population enjoys an enviable life of easy work  hard-playing sports and an excess of beer.,Australians' will to preserve their way of life drives popularity of rigid refugee policy introduced last year; photos; map (M),The New York Times,3,Deep Fears Behind Australia's Immigration Policy,Deep Fears Behind Australia's Immigration Policy,2002-05-08T05:00:00+0000,Foreign Desk,World,article,https://www.nytimes.com/2002/05/08/world/deep-fears-behind-australia-s-immigration-policy.html,News,,nyt://article/00878160-bf3c-5a31-994a-f0a959ad6b93
Iraq Asylum,Brant Thomas letter says American invasion of Iraq and lack of coherent strategy is cause of suffering  so it would be appropriate to grant asylum in United States to Iraqis (May 19 article),To the Editor:,Brant Thomas letter says American invasion of Iraq and lack of coherent strategy is cause of suffering  so it would be appropriate to grant asylum in United States to Iraqis (May 19 article),The New York Times,20,Asylum for Iraqis,Asylum for Iraqis,2006-05-22T05:00:00+0000,Editorial Desk,Opinion,article,https://www.nytimes.com/2006/05/22/opinion/asylum-for-iraqis-760668.html,Letter,,nyt://article/0de4e538-1512-5630-b130-2e102d7d2b66
Iraq Asylum,To the Editor:.,To the Editor:,To the Editor:.,The New York Times,20,Asylum for Iraqis (1 Letter),Asylum for Iraqis,2006-05-22T04:00:00+0000,Letters,Opinion,article,https://www.nytimes.com/2006/05/22/opinion/l22iraq.html,Letter,,nyt://article/01236f65-dab5-5cca-b17f-25de427ea114
